Domain Code,Domain,Area Code (M49),Area,Indicator Code,Indicator,Sex Code,Sex,Year Code,Year,Source Code,Source,Unit,Value,Flag,Flag Description,Note
"OEA","Employment Indicators: Agriculture","096","Brunei Darussalam","21144","Employment in agriculture, forestry and fishing - ILO modelled estimates","13","Total","1991","1991","3043","ILO - ILO Modelled Estimates","1000 persons","2.204","X","Figure from international organizations","Adjusted"
"OEA","Employment Indicators: Agriculture","096","Brunei Darussalam","21144","Employment in agriculture, forestry and fishing - ILO modelled estimates","13","Total","1992","1992","3043","ILO - ILO Modelled Estimates","1000 persons","2.137","X","Figure from international organizations",""
"OEA","Employment Indicators: Agriculture","096","Brunei Darussalam","21144","Employment in agriculture, forestry and fishing - ILO modelled estimates","13","Total","1993","1993","3043","ILO - ILO Modelled Estimates","1000 persons","2.077","X","Figure from international organizations",""
"OEA","Employment Indicators: Agriculture","096","Brunei Darussalam","21144","Employment in agriculture, forestry and fishing - ILO modelled estimates","13","Total","1994","1994","3043","ILO - ILO Modelled Estimates","1000 persons","2.023","X","Figure from international organizations",""
"OEA","Employment Indicators: Agriculture","096","Brunei Darussalam","21144","Employment in agriculture, forestry and fishing - ILO modelled estimates","13","Total","1995","1995","3043","ILO - ILO Modelled Estimates","1000 persons","1.958","X","Figure from international organizations",""
"OEA","Employment Indicators: Agriculture","096","Brunei Darussalam","21144","Employment in agriculture, forestry and fishing - ILO modelled estimates","13","Total","1996","1996","3043","ILO - ILO Modelled Estimates","1000 persons","1.916","X","Figure from international organizations",""
"OEA","Employment Indicators: Agriculture","096","Brunei Darussalam","21144","Employment in agriculture, forestry and fishing - ILO modelled estimates","13","Total","1997","1997","3043","ILO - ILO Modelled Estimates","1000 persons","1.881","X","Figure from international organizations",""
"OEA","Employment Indicators: Agriculture","096","Brunei Darussalam","21144","Employment in agriculture, forestry and fishing - ILO modelled estimates","13","Total","1998","1998","3043","ILO - ILO Modelled Estimates","1000 persons","1.826","X","Figure from international organizations",""
"OEA","Employment Indicators: Agriculture","096","Brunei Darussalam","21144","Employment in agriculture, forestry and fishing - ILO modelled estimates","13","Total","1999","1999","3043","ILO - ILO Modelled Estimates","1000 persons","1.813","X","Figure from international organizations",""
"OEA","Employment Indicators: Agriculture","096","Brunei Darussalam","21144","Employment in agriculture, forestry and fishing - ILO modelled estimates","13","Total","2000","2000","3043","ILO - ILO Modelled Estimates","1000 persons","1.793","X","Figure from international organizations",""
"OEA","Employment Indicators: Agriculture","096","Brunei Darussalam","21144","Employment in agriculture, forestry and fishing - ILO modelled estimates","13","Total","2001","2001","3043","ILO - ILO Modelled Estimates","1000 persons","1.717","X","Figure from international organizations",""
"OEA","Employment Indicators: Agriculture","096","Brunei Darussalam","21144","Employment in agriculture, forestry and fishing - ILO modelled estimates","13","Total","2002","2002","3043","ILO - ILO Modelled Estimates","1000 persons","1.66","X","Figure from international organizations",""
"OEA","Employment Indicators: Agriculture","096","Brunei Darussalam","21144","Employment in agriculture, forestry and fishing - ILO modelled estimates","13","Total","2003","2003","3043","ILO - ILO Modelled Estimates","1000 persons","1.616","X","Figure from international organizations",""
"OEA","Employment Indicators: Agriculture","096","Brunei Darussalam","21144","Employment in agriculture, forestry and fishing - ILO modelled estimates","13","Total","2004","2004","3043","ILO - ILO Modelled Estimates","1000 persons","1.571","X","Figure from international organizations",""
"OEA","Employment Indicators: Agriculture","096","Brunei Darussalam","21144","Employment in agriculture, forestry and fishing - ILO modelled estimates","13","Total","2005","2005","3043","ILO - ILO Modelled Estimates","1000 persons","1.528","X","Figure from international organizations",""
"OEA","Employment Indicators: Agriculture","096","Brunei Darussalam","21144","Employment in agriculture, forestry and fishing - ILO modelled estimates","13","Total","2006","2006","3043","ILO - ILO Modelled Estimates","1000 persons","1.455","X","Figure from international organizations",""
"OEA","Employment Indicators: Agriculture","096","Brunei Darussalam","21144","Employment in agriculture, forestry and fishing - ILO modelled estimates","13","Total","2007","2007","3043","ILO - ILO Modelled Estimates","1000 persons","1.384","X","Figure from international organizations",""
"OEA","Employment Indicators: Agriculture","096","Brunei Darussalam","21144","Employment in agriculture, forestry and fishing - ILO modelled estimates","13","Total","2008","2008","3043","ILO - ILO Modelled Estimates","1000 persons","1.342","X","Figure from international organizations",""
"OEA","Employment Indicators: Agriculture","096","Brunei Darussalam","21144","Employment in agriculture, forestry and fishing - ILO modelled estimates","13","Total","2009","2009","3043","ILO - ILO Modelled Estimates","1000 persons","1.277","X","Figure from international organizations",""
"OEA","Employment Indicators: Agriculture","096","Brunei Darussalam","21144","Employment in agriculture, forestry and fishing - ILO modelled estimates","13","Total","2010","2010","3043","ILO - ILO Modelled Estimates","1000 persons","1.228","X","Figure from international organizations",""
"OEA","Employment Indicators: Agriculture","096","Brunei Darussalam","21144","Employment in agriculture, forestry and fishing - ILO modelled estimates","13","Total","2011","2011","3043","ILO - ILO Modelled Estimates","1000 persons","1.188","X","Figure from international organizations",""
"OEA","Employment Indicators: Agriculture","096","Brunei Darussalam","21144","Employment in agriculture, forestry and fishing - ILO modelled estimates","13","Total","2012","2012","3043","ILO - ILO Modelled Estimates","1000 persons","1.142","X","Figure from international organizations",""
"OEA","Employment Indicators: Agriculture","096","Brunei Darussalam","21144","Employment in agriculture, forestry and fishing - ILO modelled estimates","13","Total","2013","2013","3043","ILO - ILO Modelled Estimates","1000 persons","1.093","X","Figure from international organizations",""
"OEA","Employment Indicators: Agriculture","096","Brunei Darussalam","21144","Employment in agriculture, forestry and fishing - ILO modelled estimates","13","Total","2014","2014","3043","ILO - ILO Modelled Estimates","1000 persons","1.046","X","Figure from international organizations","Adjusted"
"OEA","Employment Indicators: Agriculture","096","Brunei Darussalam","21144","Employment in agriculture, forestry and fishing - ILO modelled estimates","13","Total","2015","2015","3043","ILO - ILO Modelled Estimates","1000 persons","1.422","X","Figure from international organizations",""
"OEA","Employment Indicators: Agriculture","096","Brunei Darussalam","21144","Employment in agriculture, forestry and fishing - ILO modelled estimates","13","Total","2016","2016","3043","ILO - ILO Modelled Estimates","1000 persons","1.934","X","Figure from international organizations",""
"OEA","Employment Indicators: Agriculture","096","Brunei Darussalam","21144","Employment in agriculture, forestry and fishing - ILO modelled estimates","13","Total","2017","2017","3043","ILO - ILO Modelled Estimates","1000 persons","2.619","X","Figure from international organizations","Adjusted"
"OEA","Employment Indicators: Agriculture","096","Brunei Darussalam","21144","Employment in agriculture, forestry and fishing - ILO modelled estimates","13","Total","2018","2018","3043","ILO - ILO Modelled Estimates","1000 persons","2.129","X","Figure from international organizations","Adjusted"
"OEA","Employment Indicators: Agriculture","096","Brunei Darussalam","21144","Employment in agriculture, forestry and fishing - ILO modelled estimates","13","Total","2019","2019","3043","ILO - ILO Modelled Estimates","1000 persons","3.946","X","Figure from international organizations","Adjusted"
"OEA","Employment Indicators: Agriculture","116","Cambodia","21144","Employment in agriculture, forestry and fishing - ILO modelled estimates","13","Total","1991","1991","3043","ILO - ILO Modelled Estimates","1000 persons","3150.766","X","Figure from international organizations",""
"OEA","Employment Indicators: Agriculture","116","Cambodia","21144","Employment in agriculture, forestry and fishing - ILO modelled estimates","13","Total","1992","1992","3043","ILO - ILO Modelled Estimates","1000 persons","3217.669","X","Figure from international organizations",""
"OEA","Employment Indicators: Agriculture","116","Cambodia","21144","Employment in agriculture, forestry and fishing - ILO modelled estimates","13","Total","1993","1993","3043","ILO - ILO Modelled Estimates","1000 persons","3296.121","X","Figure from international organizations",""
"OEA","Employment Indicators: Agriculture","116","Cambodia","21144","Employment in agriculture, forestry and fishing - ILO modelled estimates","13","Total","1994","1994","3043","ILO - ILO Modelled Estimates","1000 persons","3485.617","X","Figure from international organizations",""
"OEA","Employment Indicators: Agriculture","116","Cambodia","21144","Employment in agriculture, forestry and fishing - ILO modelled estimates","13","Total","1995","1995","3043","ILO - ILO Modelled Estimates","1000 persons","3575.256","X","Figure from international organizations",""
"OEA","Employment Indicators: Agriculture","116","Cambodia","21144","Employment in agriculture, forestry and fishing - ILO modelled estimates","13","Total","1996","1996","3043","ILO - ILO Modelled Estimates","1000 persons","3657.094","X","Figure from international organizations",""
"OEA","Employment Indicators: Agriculture","116","Cambodia","21144","Employment in agriculture, forestry and fishing - ILO modelled estimates","13","Total","1997","1997","3043","ILO - ILO Modelled Estimates","1000 persons","3786.917","X","Figure from international organizations",""
"OEA","Employment Indicators: Agriculture","116","Cambodia","21144","Employment in agriculture, forestry and fishing - ILO modelled estimates","13","Total","1998","1998","3043","ILO - ILO Modelled Estimates","1000 persons","3932.545","X","Figure from international organizations",""
"OEA","Employment Indicators: Agriculture","116","Cambodia","21144","Employment in agriculture, forestry and fishing - ILO modelled estimates","13","Total","1999","1999","3043","ILO - ILO Modelled Estimates","1000 persons","4045.156","X","Figure from international organizations",""
"OEA","Employment Indicators: Agriculture","116","Cambodia","21144","Employment in agriculture, forestry and fishing - ILO modelled estimates","13","Total","2000","2000","3043","ILO - ILO Modelled Estimates","1000 persons","4066.874","X","Figure from international organizations","Adjusted"
"OEA","Employment Indicators: Agriculture","116","Cambodia","21144","Employment in agriculture, forestry and fishing - ILO modelled estimates","13","Total","2001","2001","3043","ILO - ILO Modelled Estimates","1000 persons","4214.513","X","Figure from international organizations","Adjusted"
"OEA","Employment Indicators: Agriculture","116","Cambodia","21144","Employment in agriculture, forestry and fishing - ILO modelled estimates","13","Total","2002","2002","3043","ILO - ILO Modelled Estimates","1000 persons","4221.128","X","Figure from international organizations",""
"OEA","Employment Indicators: Agriculture","116","Cambodia","21144","Employment in agriculture, forestry and fishing - ILO modelled estimates","13","Total","2003","2003","3043","ILO - ILO Modelled Estimates","1000 persons","4217.77","X","Figure from international organizations",""
"OEA","Employment Indicators: Agriculture","116","Cambodia","21144","Employment in agriculture, forestry and fishing - ILO modelled estimates","13","Total","2004","2004","3043","ILO - ILO Modelled Estimates","1000 persons","4126.727","X","Figure from international organizations",""
"OEA","Employment Indicators: Agriculture","116","Cambodia","21144","Employment in agriculture, forestry and fishing - ILO modelled estimates","13","Total","2005","2005","3043","ILO - ILO Modelled Estimates","1000 persons","4141.391","X","Figure from international organizations",""
"OEA","Employment Indicators: Agriculture","116","Cambodia","21144","Employment in agriculture, forestry and fishing - ILO modelled estimates","13","Total","2006","2006","3043","ILO - ILO Modelled Estimates","1000 persons","4149.116","X","Figure from international organizations",""
"OEA","Employment Indicators: Agriculture","116","Cambodia","21144","Employment in agriculture, forestry and fishing - ILO modelled estimates","13","Total","2007","2007","3043","ILO - ILO Modelled Estimates","1000 persons","4145.949","X","Figure from international organizations","Adjusted"
"OEA","Employment Indicators: Agriculture","116","Cambodia","21144","Employment in agriculture, forestry and fishing - ILO modelled estimates","13","Total","2008","2008","3043","ILO - ILO Modelled Estimates","1000 persons","4297.683","X","Figure from international organizations",""
"OEA","Employment Indicators: Agriculture","116","Cambodia","21144","Employment in agriculture, forestry and fishing - ILO modelled estimates","13","Total","2009","2009","3043","ILO - ILO Modelled Estimates","1000 persons","4436.95","X","Figure from international organizations","Adjusted"
"OEA","Employment Indicators: Agriculture","116","Cambodia","21144","Employment in agriculture, forestry and fishing - ILO modelled estimates","13","Total","2010","2010","3043","ILO - ILO Modelled Estimates","1000 persons","4625.194","X","Figure from international organizations",""
"OEA","Employment Indicators: Agriculture","116","Cambodia","21144","Employment in agriculture, forestry and fishing - ILO modelled estimates","13","Total","2011","2011","3043","ILO - ILO Modelled Estimates","1000 persons","4708.939","X","Figure from international organizations","Adjusted"
"OEA","Employment Indicators: Agriculture","116","Cambodia","21144","Employment in agriculture, forestry and fishing - ILO modelled estimates","13","Total","2012","2012","3043","ILO - ILO Modelled Estimates","1000 persons","4407.668","X","Figure from international organizations",""
"OEA","Employment Indicators: Agriculture","116","Cambodia","21144","Employment in agriculture, forestry and fishing - ILO modelled estimates","13","Total","2013","2013","3043","ILO - ILO Modelled Estimates","1000 persons","4062.118","X","Figure from international organizations","Adjusted"
"OEA","Employment Indicators: Agriculture","116","Cambodia","21144","Employment in agriculture, forestry and fishing - ILO modelled estimates","13","Total","2014","2014","3043","ILO - ILO Modelled Estimates","1000 persons","3837.23","X","Figure from international organizations","Adjusted"
"OEA","Employment Indicators: Agriculture","116","Cambodia","21144","Employment in agriculture, forestry and fishing - ILO modelled estimates","13","Total","2015","2015","3043","ILO - ILO Modelled Estimates","1000 persons","3607.436","X","Figure from international organizations","Adjusted"
"OEA","Employment Indicators: Agriculture","116","Cambodia","21144","Employment in agriculture, forestry and fishing - ILO modelled estimates","13","Total","2016","2016","3043","ILO - ILO Modelled Estimates","1000 persons","3320.515","X","Figure from international organizations","Adjusted"
"OEA","Employment Indicators: Agriculture","116","Cambodia","21144","Employment in agriculture, forestry and fishing - ILO modelled estimates","13","Total","2017","2017","3043","ILO - ILO Modelled Estimates","1000 persons","3452.862","X","Figure from international organizations","Adjusted"
"OEA","Employment Indicators: Agriculture","116","Cambodia","21144","Employment in agriculture, forestry and fishing - ILO modelled estimates","13","Total","2018","2018","3043","ILO - ILO Modelled Estimates","1000 persons","3336.671","X","Figure from international organizations",""
"OEA","Employment Indicators: Agriculture","116","Cambodia","21144","Employment in agriculture, forestry and fishing - ILO modelled estimates","13","Total","2019","2019","3043","ILO - ILO Modelled Estimates","1000 persons","3214.124","X","Figure from international organizations",""
"OEA","Employment Indicators: Agriculture","360","Indonesia","21144","Employment in agriculture, forestry and fishing - ILO modelled estimates","13","Total","1991","1991","3043","ILO - ILO Modelled Estimates","1000 persons","41911.279","X","Figure from international organizations","Adjusted"
"OEA","Employment Indicators: Agriculture","360","Indonesia","21144","Employment in agriculture, forestry and fishing - ILO modelled estimates","13","Total","1992","1992","3043","ILO - ILO Modelled Estimates","1000 persons","42924.032","X","Figure from international organizations","Adjusted"
"OEA","Employment Indicators: Agriculture","360","Indonesia","21144","Employment in agriculture, forestry and fishing - ILO modelled estimates","13","Total","1993","1993","3043","ILO - ILO Modelled Estimates","1000 persons","41028.676","X","Figure from international organizations","Adjusted"
"OEA","Employment Indicators: Agriculture","360","Indonesia","21144","Employment in agriculture, forestry and fishing - ILO modelled estimates","13","Total","1994","1994","3043","ILO - ILO Modelled Estimates","1000 persons","38690.888","X","Figure from international organizations","Adjusted"
"OEA","Employment Indicators: Agriculture","360","Indonesia","21144","Employment in agriculture, forestry and fishing - ILO modelled estimates","13","Total","1995","1995","3043","ILO - ILO Modelled Estimates","1000 persons","36434.238","X","Figure from international organizations","Adjusted"
"OEA","Employment Indicators: Agriculture","360","Indonesia","21144","Employment in agriculture, forestry and fishing - ILO modelled estimates","13","Total","1996","1996","3043","ILO - ILO Modelled Estimates","1000 persons","36755.777","X","Figure from international organizations",""
"OEA","Employment Indicators: Agriculture","360","Indonesia","21144","Employment in agriculture, forestry and fishing - ILO modelled estimates","13","Total","1997","1997","3043","ILO - ILO Modelled Estimates","1000 persons","37153.848","X","Figure from international organizations",""
"OEA","Employment Indicators: Agriculture","360","Indonesia","21144","Employment in agriculture, forestry and fishing - ILO modelled estimates","13","Total","1998","1998","3043","ILO - ILO Modelled Estimates","1000 persons","39570.815","X","Figure from international organizations",""
"OEA","Employment Indicators: Agriculture","360","Indonesia","21144","Employment in agriculture, forestry and fishing - ILO modelled estimates","13","Total","1999","1999","3043","ILO - ILO Modelled Estimates","1000 persons","40600.664","X","Figure from international organizations",""
"OEA","Employment Indicators: Agriculture","360","Indonesia","21144","Employment in agriculture, forestry and fishing - ILO modelled estimates","13","Total","2000","2000","3043","ILO - ILO Modelled Estimates","1000 persons","41918.808","X","Figure from international organizations","Adjusted"
"OEA","Employment Indicators: Agriculture","360","Indonesia","21144","Employment in agriculture, forestry and fishing - ILO modelled estimates","13","Total","2001","2001","3043","ILO - ILO Modelled Estimates","1000 persons","40685.931","X","Figure from international organizations","Adjusted"
"OEA","Employment Indicators: Agriculture","360","Indonesia","21144","Employment in agriculture, forestry and fishing - ILO modelled estimates","13","Total","2002","2002","3043","ILO - ILO Modelled Estimates","1000 persons","40910.842","X","Figure from international organizations","Adjusted"
"OEA","Employment Indicators: Agriculture","360","Indonesia","21144","Employment in agriculture, forestry and fishing - ILO modelled estimates","13","Total","2003","2003","3043","ILO - ILO Modelled Estimates","1000 persons","43159.674","X","Figure from international organizations","Adjusted"
"OEA","Employment Indicators: Agriculture","360","Indonesia","21144","Employment in agriculture, forestry and fishing - ILO modelled estimates","13","Total","2004","2004","3043","ILO - ILO Modelled Estimates","1000 persons","40832.208","X","Figure from international organizations","Adjusted"
"OEA","Employment Indicators: Agriculture","360","Indonesia","21144","Employment in agriculture, forestry and fishing - ILO modelled estimates","13","Total","2005","2005","3043","ILO - ILO Modelled Estimates","1000 persons","41067.666","X","Figure from international organizations","Adjusted"
"OEA","Employment Indicators: Agriculture","360","Indonesia","21144","Employment in agriculture, forestry and fishing - ILO modelled estimates","13","Total","2006","2006","3043","ILO - ILO Modelled Estimates","1000 persons","40252.806","X","Figure from international organizations","Adjusted"
"OEA","Employment Indicators: Agriculture","360","Indonesia","21144","Employment in agriculture, forestry and fishing - ILO modelled estimates","13","Total","2007","2007","3043","ILO - ILO Modelled Estimates","1000 persons","41339.785","X","Figure from international organizations","Adjusted"
"OEA","Employment Indicators: Agriculture","360","Indonesia","21144","Employment in agriculture, forestry and fishing - ILO modelled estimates","13","Total","2008","2008","3043","ILO - ILO Modelled Estimates","1000 persons","42460.356","X","Figure from international organizations","Adjusted"
"OEA","Employment Indicators: Agriculture","360","Indonesia","21144","Employment in agriculture, forestry and fishing - ILO modelled estimates","13","Total","2009","2009","3043","ILO - ILO Modelled Estimates","1000 persons","42948.003","X","Figure from international organizations","Adjusted"
"OEA","Employment Indicators: Agriculture","360","Indonesia","21144","Employment in agriculture, forestry and fishing - ILO modelled estimates","13","Total","2010","2010","3043","ILO - ILO Modelled Estimates","1000 persons","42708.68","X","Figure from international organizations","Adjusted"
"OEA","Employment Indicators: Agriculture","360","Indonesia","21144","Employment in agriculture, forestry and fishing - ILO modelled estimates","13","Total","2011","2011","3043","ILO - ILO Modelled Estimates","1000 persons","41576.649","X","Figure from international organizations","Adjusted"
"OEA","Employment Indicators: Agriculture","360","Indonesia","21144","Employment in agriculture, forestry and fishing - ILO modelled estimates","13","Total","2012","2012","3043","ILO - ILO Modelled Estimates","1000 persons","41431.404","X","Figure from international organizations","Adjusted"
"OEA","Employment Indicators: Agriculture","360","Indonesia","21144","Employment in agriculture, forestry and fishing - ILO modelled estimates","13","Total","2013","2013","3043","ILO - ILO Modelled Estimates","1000 persons","40652.52","X","Figure from international organizations","Adjusted"
"OEA","Employment Indicators: Agriculture","360","Indonesia","21144","Employment in agriculture, forestry and fishing - ILO modelled estimates","13","Total","2014","2014","3043","ILO - ILO Modelled Estimates","1000 persons","40501.404","X","Figure from international organizations","Adjusted"
"OEA","Employment Indicators: Agriculture","360","Indonesia","21144","Employment in agriculture, forestry and fishing - ILO modelled estimates","13","Total","2015","2015","3043","ILO - ILO Modelled Estimates","1000 persons","39329.665","X","Figure from international organizations","Adjusted"
"OEA","Employment Indicators: Agriculture","360","Indonesia","21144","Employment in agriculture, forestry and fishing - ILO modelled estimates","13","Total","2016","2016","3043","ILO - ILO Modelled Estimates","1000 persons","38356.922","X","Figure from international organizations","Adjusted"
"OEA","Employment Indicators: Agriculture","360","Indonesia","21144","Employment in agriculture, forestry and fishing - ILO modelled estimates","13","Total","2017","2017","3043","ILO - ILO Modelled Estimates","1000 persons","38239.372","X","Figure from international organizations","Adjusted"
"OEA","Employment Indicators: Agriculture","360","Indonesia","21144","Employment in agriculture, forestry and fishing - ILO modelled estimates","13","Total","2018","2018","3043","ILO - ILO Modelled Estimates","1000 persons","37562.647","X","Figure from international organizations","Adjusted"
"OEA","Employment Indicators: Agriculture","360","Indonesia","21144","Employment in agriculture, forestry and fishing - ILO modelled estimates","13","Total","2019","2019","3043","ILO - ILO Modelled Estimates","1000 persons","37292.501","X","Figure from international organizations","Adjusted"
"OEA","Employment Indicators: Agriculture","418","Lao People's Democratic Republic","21144","Employment in agriculture, forestry and fishing - ILO modelled estimates","13","Total","1991","1991","3043","ILO - ILO Modelled Estimates","1000 persons","1675.805","X","Figure from international organizations",""
"OEA","Employment Indicators: Agriculture","418","Lao People's Democratic Republic","21144","Employment in agriculture, forestry and fishing - ILO modelled estimates","13","Total","1992","1992","3043","ILO - ILO Modelled Estimates","1000 persons","1714.172","X","Figure from international organizations",""
"OEA","Employment Indicators: Agriculture","418","Lao People's Democratic Republic","21144","Employment in agriculture, forestry and fishing - ILO modelled estimates","13","Total","1993","1993","3043","ILO - ILO Modelled Estimates","1000 persons","1749.503","X","Figure from international organizations",""
"OEA","Employment Indicators: Agriculture","418","Lao People's Democratic Republic","21144","Employment in agriculture, forestry and fishing - ILO modelled estimates","13","Total","1994","1994","3043","ILO - ILO Modelled Estimates","1000 persons","1782.759","X","Figure from international organizations",""
"OEA","Employment Indicators: Agriculture","418","Lao People's Democratic Republic","21144","Employment in agriculture, forestry and fishing - ILO modelled estimates","13","Total","1995","1995","3043","ILO - ILO Modelled Estimates","1000 persons","1814.121","X","Figure from international organizations","Adjusted"
"OEA","Employment Indicators: Agriculture","418","Lao People's Democratic Republic","21144","Employment in agriculture, forestry and fishing - ILO modelled estimates","13","Total","1996","1996","3043","ILO - ILO Modelled Estimates","1000 persons","1836.091","X","Figure from international organizations",""
"OEA","Employment Indicators: Agriculture","418","Lao People's Democratic Republic","21144","Employment in agriculture, forestry and fishing - ILO modelled estimates","13","Total","1997","1997","3043","ILO - ILO Modelled Estimates","1000 persons","1863.355","X","Figure from international organizations",""
"OEA","Employment Indicators: Agriculture","418","Lao People's Democratic Republic","21144","Employment in agriculture, forestry and fishing - ILO modelled estimates","13","Total","1998","1998","3043","ILO - ILO Modelled Estimates","1000 persons","1886.234","X","Figure from international organizations",""
"OEA","Employment Indicators: Agriculture","418","Lao People's Democratic Republic","21144","Employment in agriculture, forestry and fishing - ILO modelled estimates","13","Total","1999","1999","3043","ILO - ILO Modelled Estimates","1000 persons","1912.651","X","Figure from international organizations",""
"OEA","Employment Indicators: Agriculture","418","Lao People's Democratic Republic","21144","Employment in agriculture, forestry and fishing - ILO modelled estimates","13","Total","2000","2000","3043","ILO - ILO Modelled Estimates","1000 persons","1937.915","X","Figure from international organizations",""
"OEA","Employment Indicators: Agriculture","418","Lao People's Democratic Republic","21144","Employment in agriculture, forestry and fishing - ILO modelled estimates","13","Total","2001","2001","3043","ILO - ILO Modelled Estimates","1000 persons","1965.416","X","Figure from international organizations",""
"OEA","Employment Indicators: Agriculture","418","Lao People's Democratic Republic","21144","Employment in agriculture, forestry and fishing - ILO modelled estimates","13","Total","2002","2002","3043","ILO - ILO Modelled Estimates","1000 persons","1992.108","X","Figure from international organizations",""
"OEA","Employment Indicators: Agriculture","418","Lao People's Democratic Republic","21144","Employment in agriculture, forestry and fishing - ILO modelled estimates","13","Total","2003","2003","3043","ILO - ILO Modelled Estimates","1000 persons","2014.956","X","Figure from international organizations",""
"OEA","Employment Indicators: Agriculture","418","Lao People's Democratic Republic","21144","Employment in agriculture, forestry and fishing - ILO modelled estimates","13","Total","2004","2004","3043","ILO - ILO Modelled Estimates","1000 persons","2036.498","X","Figure from international organizations",""
"OEA","Employment Indicators: Agriculture","418","Lao People's Democratic Republic","21144","Employment in agriculture, forestry and fishing - ILO modelled estimates","13","Total","2005","2005","3043","ILO - ILO Modelled Estimates","1000 persons","2060.632","X","Figure from international organizations",""
"OEA","Employment Indicators: Agriculture","418","Lao People's Democratic Republic","21144","Employment in agriculture, forestry and fishing - ILO modelled estimates","13","Total","2006","2006","3043","ILO - ILO Modelled Estimates","1000 persons","2102.01","X","Figure from international organizations",""
"OEA","Employment Indicators: Agriculture","418","Lao People's Democratic Republic","21144","Employment in agriculture, forestry and fishing - ILO modelled estimates","13","Total","2007","2007","3043","ILO - ILO Modelled Estimates","1000 persons","2124.856","X","Figure from international organizations",""
"OEA","Employment Indicators: Agriculture","418","Lao People's Democratic Republic","21144","Employment in agriculture, forestry and fishing - ILO modelled estimates","13","Total","2008","2008","3043","ILO - ILO Modelled Estimates","1000 persons","2150.566","X","Figure from international organizations",""
"OEA","Employment Indicators: Agriculture","418","Lao People's Democratic Republic","21144","Employment in agriculture, forestry and fishing - ILO modelled estimates","13","Total","2009","2009","3043","ILO - ILO Modelled Estimates","1000 persons","2176.765","X","Figure from international organizations",""
"OEA","Employment Indicators: Agriculture","418","Lao People's Democratic Republic","21144","Employment in agriculture, forestry and fishing - ILO modelled estimates","13","Total","2010","2010","3043","ILO - ILO Modelled Estimates","1000 persons","2200.418","X","Figure from international organizations","Adjusted"
"OEA","Employment Indicators: Agriculture","418","Lao People's Democratic Republic","21144","Employment in agriculture, forestry and fishing - ILO modelled estimates","13","Total","2011","2011","3043","ILO - ILO Modelled Estimates","1000 persons","2221.911","X","Figure from international organizations",""
"OEA","Employment Indicators: Agriculture","418","Lao People's Democratic Republic","21144","Employment in agriculture, forestry and fishing - ILO modelled estimates","13","Total","2012","2012","3043","ILO - ILO Modelled Estimates","1000 persons","2238.497","X","Figure from international organizations",""
"OEA","Employment Indicators: Agriculture","418","Lao People's Democratic Republic","21144","Employment in agriculture, forestry and fishing - ILO modelled estimates","13","Total","2013","2013","3043","ILO - ILO Modelled Estimates","1000 persons","2252.381","X","Figure from international organizations",""
"OEA","Employment Indicators: Agriculture","418","Lao People's Democratic Republic","21144","Employment in agriculture, forestry and fishing - ILO modelled estimates","13","Total","2014","2014","3043","ILO - ILO Modelled Estimates","1000 persons","2270.039","X","Figure from international organizations",""
"OEA","Employment Indicators: Agriculture","418","Lao People's Democratic Republic","21144","Employment in agriculture, forestry and fishing - ILO modelled estimates","13","Total","2015","2015","3043","ILO - ILO Modelled Estimates","1000 persons","2281.855","X","Figure from international organizations",""
"OEA","Employment Indicators: Agriculture","418","Lao People's Democratic Republic","21144","Employment in agriculture, forestry and fishing - ILO modelled estimates","13","Total","2016","2016","3043","ILO - ILO Modelled Estimates","1000 persons","2299.565","X","Figure from international organizations",""
"OEA","Employment Indicators: Agriculture","418","Lao People's Democratic Republic","21144","Employment in agriculture, forestry and fishing - ILO modelled estimates","13","Total","2017","2017","3043","ILO - ILO Modelled Estimates","1000 persons","2304.984","X","Figure from international organizations",""
"OEA","Employment Indicators: Agriculture","418","Lao People's Democratic Republic","21144","Employment in agriculture, forestry and fishing - ILO modelled estimates","13","Total","2018","2018","3043","ILO - ILO Modelled Estimates","1000 persons","2305.108","X","Figure from international organizations",""
"OEA","Employment Indicators: Agriculture","418","Lao People's Democratic Republic","21144","Employment in agriculture, forestry and fishing - ILO modelled estimates","13","Total","2019","2019","3043","ILO - ILO Modelled Estimates","1000 persons","2315.856","X","Figure from international organizations",""
"OEA","Employment Indicators: Agriculture","458","Malaysia","21144","Employment in agriculture, forestry and fishing - ILO modelled estimates","13","Total","1991","1991","3043","ILO - ILO Modelled Estimates","1000 persons","1581.135","X","Figure from international organizations",""
"OEA","Employment Indicators: Agriculture","458","Malaysia","21144","Employment in agriculture, forestry and fishing - ILO modelled estimates","13","Total","1992","1992","3043","ILO - ILO Modelled Estimates","1000 persons","1575.16","X","Figure from international organizations","Adjusted"
"OEA","Employment Indicators: Agriculture","458","Malaysia","21144","Employment in agriculture, forestry and fishing - ILO modelled estimates","13","Total","1993","1993","3043","ILO - ILO Modelled Estimates","1000 persons","1561.583","X","Figure from international organizations","Adjusted"
"OEA","Employment Indicators: Agriculture","458","Malaysia","21144","Employment in agriculture, forestry and fishing - ILO modelled estimates","13","Total","1994","1994","3043","ILO - ILO Modelled Estimates","1000 persons","1571.248","X","Figure from international organizations",""
"OEA","Employment Indicators: Agriculture","458","Malaysia","21144","Employment in agriculture, forestry and fishing - ILO modelled estimates","13","Total","1995","1995","3043","ILO - ILO Modelled Estimates","1000 persons","1576.961","X","Figure from international organizations","Adjusted"
"OEA","Employment Indicators: Agriculture","458","Malaysia","21144","Employment in agriculture, forestry and fishing - ILO modelled estimates","13","Total","1996","1996","3043","ILO - ILO Modelled Estimates","1000 persons","1584.557","X","Figure from international organizations","Adjusted"
"OEA","Employment Indicators: Agriculture","458","Malaysia","21144","Employment in agriculture, forestry and fishing - ILO modelled estimates","13","Total","1997","1997","3043","ILO - ILO Modelled Estimates","1000 persons","1460.081","X","Figure from international organizations","Adjusted"
"OEA","Employment Indicators: Agriculture","458","Malaysia","21144","Employment in agriculture, forestry and fishing - ILO modelled estimates","13","Total","1998","1998","3043","ILO - ILO Modelled Estimates","1000 persons","1634.732","X","Figure from international organizations","Adjusted"
"OEA","Employment Indicators: Agriculture","458","Malaysia","21144","Employment in agriculture, forestry and fishing - ILO modelled estimates","13","Total","1999","1999","3043","ILO - ILO Modelled Estimates","1000 persons","1643.32","X","Figure from international organizations","Adjusted"
"OEA","Employment Indicators: Agriculture","458","Malaysia","21144","Employment in agriculture, forestry and fishing - ILO modelled estimates","13","Total","2000","2000","3043","ILO - ILO Modelled Estimates","1000 persons","1698.859","X","Figure from international organizations","Adjusted"
"OEA","Employment Indicators: Agriculture","458","Malaysia","21144","Employment in agriculture, forestry and fishing - ILO modelled estimates","13","Total","2001","2001","3043","ILO - ILO Modelled Estimates","1000 persons","1430.595","X","Figure from international organizations","Adjusted"
"OEA","Employment Indicators: Agriculture","458","Malaysia","21144","Employment in agriculture, forestry and fishing - ILO modelled estimates","13","Total","2002","2002","3043","ILO - ILO Modelled Estimates","1000 persons","1450.143","X","Figure from international organizations","Adjusted"
"OEA","Employment Indicators: Agriculture","458","Malaysia","21144","Employment in agriculture, forestry and fishing - ILO modelled estimates","13","Total","2003","2003","3043","ILO - ILO Modelled Estimates","1000 persons","1422.111","X","Figure from international organizations","Adjusted"
"OEA","Employment Indicators: Agriculture","458","Malaysia","21144","Employment in agriculture, forestry and fishing - ILO modelled estimates","13","Total","2004","2004","3043","ILO - ILO Modelled Estimates","1000 persons","1491.83","X","Figure from international organizations","Adjusted"
"OEA","Employment Indicators: Agriculture","458","Malaysia","21144","Employment in agriculture, forestry and fishing - ILO modelled estimates","13","Total","2005","2005","3043","ILO - ILO Modelled Estimates","1000 persons","1542.984","X","Figure from international organizations","Adjusted"
"OEA","Employment Indicators: Agriculture","458","Malaysia","21144","Employment in agriculture, forestry and fishing - ILO modelled estimates","13","Total","2006","2006","3043","ILO - ILO Modelled Estimates","1000 persons","1581.07","X","Figure from international organizations","Adjusted"
"OEA","Employment Indicators: Agriculture","458","Malaysia","21144","Employment in agriculture, forestry and fishing - ILO modelled estimates","13","Total","2007","2007","3043","ILO - ILO Modelled Estimates","1000 persons","1631.543","X","Figure from international organizations","Adjusted"
"OEA","Employment Indicators: Agriculture","458","Malaysia","21144","Employment in agriculture, forestry and fishing - ILO modelled estimates","13","Total","2008","2008","3043","ILO - ILO Modelled Estimates","1000 persons","1570.123","X","Figure from international organizations","Adjusted"
"OEA","Employment Indicators: Agriculture","458","Malaysia","21144","Employment in agriculture, forestry and fishing - ILO modelled estimates","13","Total","2009","2009","3043","ILO - ILO Modelled Estimates","1000 persons","1558.214","X","Figure from international organizations","Adjusted"
"OEA","Employment Indicators: Agriculture","458","Malaysia","21144","Employment in agriculture, forestry and fishing - ILO modelled estimates","13","Total","2010","2010","3043","ILO - ILO Modelled Estimates","1000 persons","1578.567","X","Figure from international organizations","Adjusted"
"OEA","Employment Indicators: Agriculture","458","Malaysia","21144","Employment in agriculture, forestry and fishing - ILO modelled estimates","13","Total","2011","2011","3043","ILO - ILO Modelled Estimates","1000 persons","1477.307","X","Figure from international organizations","Adjusted"
"OEA","Employment Indicators: Agriculture","458","Malaysia","21144","Employment in agriculture, forestry and fishing - ILO modelled estimates","13","Total","2012","2012","3043","ILO - ILO Modelled Estimates","1000 persons","1714.449","X","Figure from international organizations","Adjusted"
"OEA","Employment Indicators: Agriculture","458","Malaysia","21144","Employment in agriculture, forestry and fishing - ILO modelled estimates","13","Total","2013","2013","3043","ILO - ILO Modelled Estimates","1000 persons","1714.465","X","Figure from international organizations","Adjusted"
"OEA","Employment Indicators: Agriculture","458","Malaysia","21144","Employment in agriculture, forestry and fishing - ILO modelled estimates","13","Total","2014","2014","3043","ILO - ILO Modelled Estimates","1000 persons","1746.959","X","Figure from international organizations",""
"OEA","Employment Indicators: Agriculture","458","Malaysia","21144","Employment in agriculture, forestry and fishing - ILO modelled estimates","13","Total","2015","2015","3043","ILO - ILO Modelled Estimates","1000 persons","1766.613","X","Figure from international organizations","Adjusted"
"OEA","Employment Indicators: Agriculture","458","Malaysia","21144","Employment in agriculture, forestry and fishing - ILO modelled estimates","13","Total","2016","2016","3043","ILO - ILO Modelled Estimates","1000 persons","1630.993","X","Figure from international organizations","Adjusted"
"OEA","Employment Indicators: Agriculture","458","Malaysia","21144","Employment in agriculture, forestry and fishing - ILO modelled estimates","13","Total","2017","2017","3043","ILO - ILO Modelled Estimates","1000 persons","1652.658","X","Figure from international organizations","Adjusted"
"OEA","Employment Indicators: Agriculture","458","Malaysia","21144","Employment in agriculture, forestry and fishing - ILO modelled estimates","13","Total","2018","2018","3043","ILO - ILO Modelled Estimates","1000 persons","1595.576","X","Figure from international organizations","Adjusted"
"OEA","Employment Indicators: Agriculture","458","Malaysia","21144","Employment in agriculture, forestry and fishing - ILO modelled estimates","13","Total","2019","2019","3043","ILO - ILO Modelled Estimates","1000 persons","1567.745","X","Figure from international organizations",""
"OEA","Employment Indicators: Agriculture","104","Myanmar","21144","Employment in agriculture, forestry and fishing - ILO modelled estimates","13","Total","1991","1991","3043","ILO - ILO Modelled Estimates","1000 persons","13713.611","X","Figure from international organizations",""
"OEA","Employment Indicators: Agriculture","104","Myanmar","21144","Employment in agriculture, forestry and fishing - ILO modelled estimates","13","Total","1992","1992","3043","ILO - ILO Modelled Estimates","1000 persons","13734.906","X","Figure from international organizations","Adjusted"
"OEA","Employment Indicators: Agriculture","104","Myanmar","21144","Employment in agriculture, forestry and fishing - ILO modelled estimates","13","Total","1993","1993","3043","ILO - ILO Modelled Estimates","1000 persons","13930.518","X","Figure from international organizations","Adjusted"
"OEA","Employment Indicators: Agriculture","104","Myanmar","21144","Employment in agriculture, forestry and fishing - ILO modelled estimates","13","Total","1994","1994","3043","ILO - ILO Modelled Estimates","1000 persons","14117.108","X","Figure from international organizations","Adjusted"
"OEA","Employment Indicators: Agriculture","104","Myanmar","21144","Employment in agriculture, forestry and fishing - ILO modelled estimates","13","Total","1995","1995","3043","ILO - ILO Modelled Estimates","1000 persons","13940.236","X","Figure from international organizations",""
"OEA","Employment Indicators: Agriculture","104","Myanmar","21144","Employment in agriculture, forestry and fishing - ILO modelled estimates","13","Total","1996","1996","3043","ILO - ILO Modelled Estimates","1000 persons","13870.859","X","Figure from international organizations",""
"OEA","Employment Indicators: Agriculture","104","Myanmar","21144","Employment in agriculture, forestry and fishing - ILO modelled estimates","13","Total","1997","1997","3043","ILO - ILO Modelled Estimates","1000 persons","13743.035","X","Figure from international organizations","Adjusted"
"OEA","Employment Indicators: Agriculture","104","Myanmar","21144","Employment in agriculture, forestry and fishing - ILO modelled estimates","13","Total","1998","1998","3043","ILO - ILO Modelled Estimates","1000 persons","13865.97","X","Figure from international organizations","Adjusted"
"OEA","Employment Indicators: Agriculture","104","Myanmar","21144","Employment in agriculture, forestry and fishing - ILO modelled estimates","13","Total","1999","1999","3043","ILO - ILO Modelled Estimates","1000 persons","13978.244","X","Figure from international organizations",""
"OEA","Employment Indicators: Agriculture","104","Myanmar","21144","Employment in agriculture, forestry and fishing - ILO modelled estimates","13","Total","2000","2000","3043","ILO - ILO Modelled Estimates","1000 persons","13860.687","X","Figure from international organizations",""
"OEA","Employment Indicators: Agriculture","104","Myanmar","21144","Employment in agriculture, forestry and fishing - ILO modelled estimates","13","Total","2001","2001","3043","ILO - ILO Modelled Estimates","1000 persons","13846.842","X","Figure from international organizations",""
"OEA","Employment Indicators: Agriculture","104","Myanmar","21144","Employment in agriculture, forestry and fishing - ILO modelled estimates","13","Total","2002","2002","3043","ILO - ILO Modelled Estimates","1000 persons","13686.131","X","Figure from international organizations",""
"OEA","Employment Indicators: Agriculture","104","Myanmar","21144","Employment in agriculture, forestry and fishing - ILO modelled estimates","13","Total","2003","2003","3043","ILO - ILO Modelled Estimates","1000 persons","13409.622","X","Figure from international organizations",""
"OEA","Employment Indicators: Agriculture","104","Myanmar","21144","Employment in agriculture, forestry and fishing - ILO modelled estimates","13","Total","2004","2004","3043","ILO - ILO Modelled Estimates","1000 persons","13242.485","X","Figure from international organizations",""
"OEA","Employment Indicators: Agriculture","104","Myanmar","21144","Employment in agriculture, forestry and fishing - ILO modelled estimates","13","Total","2005","2005","3043","ILO - ILO Modelled Estimates","1000 persons","13115.909","X","Figure from international organizations",""
"OEA","Employment Indicators: Agriculture","104","Myanmar","21144","Employment in agriculture, forestry and fishing - ILO modelled estimates","13","Total","2006","2006","3043","ILO - ILO Modelled Estimates","1000 persons","12913.578","X","Figure from international organizations",""
"OEA","Employment Indicators: Agriculture","104","Myanmar","21144","Employment in agriculture, forestry and fishing - ILO modelled estimates","13","Total","2007","2007","3043","ILO - ILO Modelled Estimates","1000 persons","12839.963","X","Figure from international organizations",""
"OEA","Employment Indicators: Agriculture","104","Myanmar","21144","Employment in agriculture, forestry and fishing - ILO modelled estimates","13","Total","2008","2008","3043","ILO - ILO Modelled Estimates","1000 persons","12684.287","X","Figure from international organizations",""
"OEA","Employment Indicators: Agriculture","104","Myanmar","21144","Employment in agriculture, forestry and fishing - ILO modelled estimates","13","Total","2009","2009","3043","ILO - ILO Modelled Estimates","1000 persons","12569.661","X","Figure from international organizations",""
"OEA","Employment Indicators: Agriculture","104","Myanmar","21144","Employment in agriculture, forestry and fishing - ILO modelled estimates","13","Total","2010","2010","3043","ILO - ILO Modelled Estimates","1000 persons","12580.878","X","Figure from international organizations",""
"OEA","Employment Indicators: Agriculture","104","Myanmar","21144","Employment in agriculture, forestry and fishing - ILO modelled estimates","13","Total","2011","2011","3043","ILO - ILO Modelled Estimates","1000 persons","12617.88","X","Figure from international organizations",""
"OEA","Employment Indicators: Agriculture","104","Myanmar","21144","Employment in agriculture, forestry and fishing - ILO modelled estimates","13","Total","2012","2012","3043","ILO - ILO Modelled Estimates","1000 persons","12680.62","X","Figure from international organizations",""
"OEA","Employment Indicators: Agriculture","104","Myanmar","21144","Employment in agriculture, forestry and fishing - ILO modelled estimates","13","Total","2013","2013","3043","ILO - ILO Modelled Estimates","1000 persons","12736.937","X","Figure from international organizations",""
"OEA","Employment Indicators: Agriculture","104","Myanmar","21144","Employment in agriculture, forestry and fishing - ILO modelled estimates","13","Total","2014","2014","3043","ILO - ILO Modelled Estimates","1000 persons","12798.169","X","Figure from international organizations",""
"OEA","Employment Indicators: Agriculture","104","Myanmar","21144","Employment in agriculture, forestry and fishing - ILO modelled estimates","13","Total","2015","2015","3043","ILO - ILO Modelled Estimates","1000 persons","12785.517","X","Figure from international organizations","Adjusted"
"OEA","Employment Indicators: Agriculture","104","Myanmar","21144","Employment in agriculture, forestry and fishing - ILO modelled estimates","13","Total","2016","2016","3043","ILO - ILO Modelled Estimates","1000 persons","12457","X","Figure from international organizations",""
"OEA","Employment Indicators: Agriculture","104","Myanmar","21144","Employment in agriculture, forestry and fishing - ILO modelled estimates","13","Total","2017","2017","3043","ILO - ILO Modelled Estimates","1000 persons","12100.285","X","Figure from international organizations","Adjusted"
"OEA","Employment Indicators: Agriculture","104","Myanmar","21144","Employment in agriculture, forestry and fishing - ILO modelled estimates","13","Total","2018","2018","3043","ILO - ILO Modelled Estimates","1000 persons","11790.293","X","Figure from international organizations","Adjusted"
"OEA","Employment Indicators: Agriculture","104","Myanmar","21144","Employment in agriculture, forestry and fishing - ILO modelled estimates","13","Total","2019","2019","3043","ILO - ILO Modelled Estimates","1000 persons","11756.888","X","Figure from international organizations","Adjusted"
"OEA","Employment Indicators: Agriculture","608","Philippines","21144","Employment in agriculture, forestry and fishing - ILO modelled estimates","13","Total","1991","1991","3043","ILO - ILO Modelled Estimates","1000 persons","10170.851","X","Figure from international organizations","Adjusted"
"OEA","Employment Indicators: Agriculture","608","Philippines","21144","Employment in agriculture, forestry and fishing - ILO modelled estimates","13","Total","1992","1992","3043","ILO - ILO Modelled Estimates","1000 persons","10579.767","X","Figure from international organizations","Adjusted"
"OEA","Employment Indicators: Agriculture","608","Philippines","21144","Employment in agriculture, forestry and fishing - ILO modelled estimates","13","Total","1993","1993","3043","ILO - ILO Modelled Estimates","1000 persons","10985.349","X","Figure from international organizations","Adjusted"
"OEA","Employment Indicators: Agriculture","608","Philippines","21144","Employment in agriculture, forestry and fishing - ILO modelled estimates","13","Total","1994","1994","3043","ILO - ILO Modelled Estimates","1000 persons","11127.404","X","Figure from international organizations","Adjusted"
"OEA","Employment Indicators: Agriculture","608","Philippines","21144","Employment in agriculture, forestry and fishing - ILO modelled estimates","13","Total","1995","1995","3043","ILO - ILO Modelled Estimates","1000 persons","11013.754","X","Figure from international organizations","Adjusted"
"OEA","Employment Indicators: Agriculture","608","Philippines","21144","Employment in agriculture, forestry and fishing - ILO modelled estimates","13","Total","1996","1996","3043","ILO - ILO Modelled Estimates","1000 persons","11139.529","X","Figure from international organizations","Adjusted"
"OEA","Employment Indicators: Agriculture","608","Philippines","21144","Employment in agriculture, forestry and fishing - ILO modelled estimates","13","Total","1997","1997","3043","ILO - ILO Modelled Estimates","1000 persons","10540.686","X","Figure from international organizations","Adjusted"
"OEA","Employment Indicators: Agriculture","608","Philippines","21144","Employment in agriculture, forestry and fishing - ILO modelled estimates","13","Total","1998","1998","3043","ILO - ILO Modelled Estimates","1000 persons","10411.38","X","Figure from international organizations","Adjusted"
"OEA","Employment Indicators: Agriculture","608","Philippines","21144","Employment in agriculture, forestry and fishing - ILO modelled estimates","13","Total","1999","1999","3043","ILO - ILO Modelled Estimates","1000 persons","10937.798","X","Figure from international organizations","Adjusted"
"OEA","Employment Indicators: Agriculture","608","Philippines","21144","Employment in agriculture, forestry and fishing - ILO modelled estimates","13","Total","2000","2000","3043","ILO - ILO Modelled Estimates","1000 persons","10716.929","X","Figure from international organizations","Adjusted"
"OEA","Employment Indicators: Agriculture","608","Philippines","21144","Employment in agriculture, forestry and fishing - ILO modelled estimates","13","Total","2001","2001","3043","ILO - ILO Modelled Estimates","1000 persons","10951.568","X","Figure from international organizations",""
"OEA","Employment Indicators: Agriculture","608","Philippines","21144","Employment in agriculture, forestry and fishing - ILO modelled estimates","13","Total","2002","2002","3043","ILO - ILO Modelled Estimates","1000 persons","11194.42","X","Figure from international organizations","Adjusted"
"OEA","Employment Indicators: Agriculture","608","Philippines","21144","Employment in agriculture, forestry and fishing - ILO modelled estimates","13","Total","2003","2003","3043","ILO - ILO Modelled Estimates","1000 persons","11206.453","X","Figure from international organizations",""
"OEA","Employment Indicators: Agriculture","608","Philippines","21144","Employment in agriculture, forestry and fishing - ILO modelled estimates","13","Total","2004","2004","3043","ILO - ILO Modelled Estimates","1000 persons","11354.273","X","Figure from international organizations",""
"OEA","Employment Indicators: Agriculture","608","Philippines","21144","Employment in agriculture, forestry and fishing - ILO modelled estimates","13","Total","2005","2005","3043","ILO - ILO Modelled Estimates","1000 persons","11449.614","X","Figure from international organizations",""
"OEA","Employment Indicators: Agriculture","608","Philippines","21144","Employment in agriculture, forestry and fishing - ILO modelled estimates","13","Total","2006","2006","3043","ILO - ILO Modelled Estimates","1000 persons","11543.835","X","Figure from international organizations",""
"OEA","Employment Indicators: Agriculture","608","Philippines","21144","Employment in agriculture, forestry and fishing - ILO modelled estimates","13","Total","2007","2007","3043","ILO - ILO Modelled Estimates","1000 persons","11711.064","X","Figure from international organizations",""
"OEA","Employment Indicators: Agriculture","608","Philippines","21144","Employment in agriculture, forestry and fishing - ILO modelled estimates","13","Total","2008","2008","3043","ILO - ILO Modelled Estimates","1000 persons","11915.226","X","Figure from international organizations",""
"OEA","Employment Indicators: Agriculture","608","Philippines","21144","Employment in agriculture, forestry and fishing - ILO modelled estimates","13","Total","2009","2009","3043","ILO - ILO Modelled Estimates","1000 persons","12201.75","X","Figure from international organizations",""
"OEA","Employment Indicators: Agriculture","608","Philippines","21144","Employment in agriculture, forestry and fishing - ILO modelled estimates","13","Total","2010","2010","3043","ILO - ILO Modelled Estimates","1000 persons","12242.752","X","Figure from international organizations",""
"OEA","Employment Indicators: Agriculture","608","Philippines","21144","Employment in agriculture, forestry and fishing - ILO modelled estimates","13","Total","2011","2011","3043","ILO - ILO Modelled Estimates","1000 persons","12568.863","X","Figure from international organizations",""
"OEA","Employment Indicators: Agriculture","608","Philippines","21144","Employment in agriculture, forestry and fishing - ILO modelled estimates","13","Total","2012","2012","3043","ILO - ILO Modelled Estimates","1000 persons","12563.764","X","Figure from international organizations","Adjusted"
"OEA","Employment Indicators: Agriculture","608","Philippines","21144","Employment in agriculture, forestry and fishing - ILO modelled estimates","13","Total","2013","2013","3043","ILO - ILO Modelled Estimates","1000 persons","12341.743","X","Figure from international organizations","Adjusted"
"OEA","Employment Indicators: Agriculture","608","Philippines","21144","Employment in agriculture, forestry and fishing - ILO modelled estimates","13","Total","2014","2014","3043","ILO - ILO Modelled Estimates","1000 persons","12468.263","X","Figure from international organizations","Adjusted"
"OEA","Employment Indicators: Agriculture","608","Philippines","21144","Employment in agriculture, forestry and fishing - ILO modelled estimates","13","Total","2015","2015","3043","ILO - ILO Modelled Estimates","1000 persons","12171.353","X","Figure from international organizations","Adjusted"
"OEA","Employment Indicators: Agriculture","608","Philippines","21144","Employment in agriculture, forestry and fishing - ILO modelled estimates","13","Total","2016","2016","3043","ILO - ILO Modelled Estimates","1000 persons","11496.814","X","Figure from international organizations","Adjusted"
"OEA","Employment Indicators: Agriculture","608","Philippines","21144","Employment in agriculture, forestry and fishing - ILO modelled estimates","13","Total","2017","2017","3043","ILO - ILO Modelled Estimates","1000 persons","10661.878","X","Figure from international organizations","Adjusted"
"OEA","Employment Indicators: Agriculture","608","Philippines","21144","Employment in agriculture, forestry and fishing - ILO modelled estimates","13","Total","2018","2018","3043","ILO - ILO Modelled Estimates","1000 persons","10406.953","X","Figure from international organizations","Adjusted"
"OEA","Employment Indicators: Agriculture","608","Philippines","21144","Employment in agriculture, forestry and fishing - ILO modelled estimates","13","Total","2019","2019","3043","ILO - ILO Modelled Estimates","1000 persons","10084.04","X","Figure from international organizations","Adjusted"
"OEA","Employment Indicators: Agriculture","702","Singapore","21144","Employment in agriculture, forestry and fishing - ILO modelled estimates","13","Total","1991","1991","3043","ILO - ILO Modelled Estimates","1000 persons","4.226","X","Figure from international organizations","Adjusted"
"OEA","Employment Indicators: Agriculture","702","Singapore","21144","Employment in agriculture, forestry and fishing - ILO modelled estimates","13","Total","1992","1992","3043","ILO - ILO Modelled Estimates","1000 persons","4.98","X","Figure from international organizations","Adjusted"
"OEA","Employment Indicators: Agriculture","702","Singapore","21144","Employment in agriculture, forestry and fishing - ILO modelled estimates","13","Total","1993","1993","3043","ILO - ILO Modelled Estimates","1000 persons","3.892","X","Figure from international organizations","Adjusted"
"OEA","Employment Indicators: Agriculture","702","Singapore","21144","Employment in agriculture, forestry and fishing - ILO modelled estimates","13","Total","1994","1994","3043","ILO - ILO Modelled Estimates","1000 persons","5.076","X","Figure from international organizations","Adjusted"
"OEA","Employment Indicators: Agriculture","702","Singapore","21144","Employment in agriculture, forestry and fishing - ILO modelled estimates","13","Total","1995","1995","3043","ILO - ILO Modelled Estimates","1000 persons","4.224","X","Figure from international organizations","Adjusted"
"OEA","Employment Indicators: Agriculture","702","Singapore","21144","Employment in agriculture, forestry and fishing - ILO modelled estimates","13","Total","1996","1996","3043","ILO - ILO Modelled Estimates","1000 persons","3.469","X","Figure from international organizations","Adjusted"
"OEA","Employment Indicators: Agriculture","702","Singapore","21144","Employment in agriculture, forestry and fishing - ILO modelled estimates","13","Total","1997","1997","3043","ILO - ILO Modelled Estimates","1000 persons","3.438","X","Figure from international organizations",""
"OEA","Employment Indicators: Agriculture","702","Singapore","21144","Employment in agriculture, forestry and fishing - ILO modelled estimates","13","Total","1998","1998","3043","ILO - ILO Modelled Estimates","1000 persons","3.512","X","Figure from international organizations",""
"OEA","Employment Indicators: Agriculture","702","Singapore","21144","Employment in agriculture, forestry and fishing - ILO modelled estimates","13","Total","1999","1999","3043","ILO - ILO Modelled Estimates","1000 persons","3.374","X","Figure from international organizations",""
"OEA","Employment Indicators: Agriculture","702","Singapore","21144","Employment in agriculture, forestry and fishing - ILO modelled estimates","13","Total","2000","2000","3043","ILO - ILO Modelled Estimates","1000 persons","3.309","X","Figure from international organizations",""
"OEA","Employment Indicators: Agriculture","702","Singapore","21144","Employment in agriculture, forestry and fishing - ILO modelled estimates","13","Total","2001","2001","3043","ILO - ILO Modelled Estimates","1000 persons","3.257","X","Figure from international organizations",""
"OEA","Employment Indicators: Agriculture","702","Singapore","21144","Employment in agriculture, forestry and fishing - ILO modelled estimates","13","Total","2002","2002","3043","ILO - ILO Modelled Estimates","1000 persons","3.077","X","Figure from international organizations",""
"OEA","Employment Indicators: Agriculture","702","Singapore","21144","Employment in agriculture, forestry and fishing - ILO modelled estimates","13","Total","2003","2003","3043","ILO - ILO Modelled Estimates","1000 persons","2.971","X","Figure from international organizations",""
"OEA","Employment Indicators: Agriculture","702","Singapore","21144","Employment in agriculture, forestry and fishing - ILO modelled estimates","13","Total","2004","2004","3043","ILO - ILO Modelled Estimates","1000 persons","2.888","X","Figure from international organizations",""
"OEA","Employment Indicators: Agriculture","702","Singapore","21144","Employment in agriculture, forestry and fishing - ILO modelled estimates","13","Total","2005","2005","3043","ILO - ILO Modelled Estimates","1000 persons","2.884","X","Figure from international organizations",""
"OEA","Employment Indicators: Agriculture","702","Singapore","21144","Employment in agriculture, forestry and fishing - ILO modelled estimates","13","Total","2006","2006","3043","ILO - ILO Modelled Estimates","1000 persons","2.951","X","Figure from international organizations",""
"OEA","Employment Indicators: Agriculture","702","Singapore","21144","Employment in agriculture, forestry and fishing - ILO modelled estimates","13","Total","2007","2007","3043","ILO - ILO Modelled Estimates","1000 persons","3.032","X","Figure from international organizations",""
"OEA","Employment Indicators: Agriculture","702","Singapore","21144","Employment in agriculture, forestry and fishing - ILO modelled estimates","13","Total","2008","2008","3043","ILO - ILO Modelled Estimates","1000 persons","3.158","X","Figure from international organizations",""
"OEA","Employment Indicators: Agriculture","702","Singapore","21144","Employment in agriculture, forestry and fishing - ILO modelled estimates","13","Total","2009","2009","3043","ILO - ILO Modelled Estimates","1000 persons","3.074","X","Figure from international organizations",""
"OEA","Employment Indicators: Agriculture","702","Singapore","21144","Employment in agriculture, forestry and fishing - ILO modelled estimates","13","Total","2010","2010","3043","ILO - ILO Modelled Estimates","1000 persons","3.211","X","Figure from international organizations",""
"OEA","Employment Indicators: Agriculture","702","Singapore","21144","Employment in agriculture, forestry and fishing - ILO modelled estimates","13","Total","2011","2011","3043","ILO - ILO Modelled Estimates","1000 persons","3.159","X","Figure from international organizations",""
"OEA","Employment Indicators: Agriculture","702","Singapore","21144","Employment in agriculture, forestry and fishing - ILO modelled estimates","13","Total","2012","2012","3043","ILO - ILO Modelled Estimates","1000 persons","3.172","X","Figure from international organizations",""
"OEA","Employment Indicators: Agriculture","702","Singapore","21144","Employment in agriculture, forestry and fishing - ILO modelled estimates","13","Total","2013","2013","3043","ILO - ILO Modelled Estimates","1000 persons","3.05","X","Figure from international organizations",""
"OEA","Employment Indicators: Agriculture","702","Singapore","21144","Employment in agriculture, forestry and fishing - ILO modelled estimates","13","Total","2014","2014","3043","ILO - ILO Modelled Estimates","1000 persons","2.848","X","Figure from international organizations",""
"OEA","Employment Indicators: Agriculture","702","Singapore","21144","Employment in agriculture, forestry and fishing - ILO modelled estimates","13","Total","2015","2015","3043","ILO - ILO Modelled Estimates","1000 persons","2.595","X","Figure from international organizations",""
"OEA","Employment Indicators: Agriculture","702","Singapore","21144","Employment in agriculture, forestry and fishing - ILO modelled estimates","13","Total","2016","2016","3043","ILO - ILO Modelled Estimates","1000 persons","2.01","X","Figure from international organizations",""
"OEA","Employment Indicators: Agriculture","702","Singapore","21144","Employment in agriculture, forestry and fishing - ILO modelled estimates","13","Total","2017","2017","3043","ILO - ILO Modelled Estimates","1000 persons","2.091","X","Figure from international organizations",""
"OEA","Employment Indicators: Agriculture","702","Singapore","21144","Employment in agriculture, forestry and fishing - ILO modelled estimates","13","Total","2018","2018","3043","ILO - ILO Modelled Estimates","1000 persons","1.89","X","Figure from international organizations",""
"OEA","Employment Indicators: Agriculture","702","Singapore","21144","Employment in agriculture, forestry and fishing - ILO modelled estimates","13","Total","2019","2019","3043","ILO - ILO Modelled Estimates","1000 persons","1.137","X","Figure from international organizations",""
"OEA","Employment Indicators: Agriculture","764","Thailand","21144","Employment in agriculture, forestry and fishing - ILO modelled estimates","13","Total","1991","1991","3043","ILO - ILO Modelled Estimates","1000 persons","17773.046","X","Figure from international organizations","Adjusted"
"OEA","Employment Indicators: Agriculture","764","Thailand","21144","Employment in agriculture, forestry and fishing - ILO modelled estimates","13","Total","1992","1992","3043","ILO - ILO Modelled Estimates","1000 persons","18443.284","X","Figure from international organizations","Adjusted"
"OEA","Employment Indicators: Agriculture","764","Thailand","21144","Employment in agriculture, forestry and fishing - ILO modelled estimates","13","Total","1993","1993","3043","ILO - ILO Modelled Estimates","1000 persons","17391.547","X","Figure from international organizations","Adjusted"
"OEA","Employment Indicators: Agriculture","764","Thailand","21144","Employment in agriculture, forestry and fishing - ILO modelled estimates","13","Total","1994","1994","3043","ILO - ILO Modelled Estimates","1000 persons","17400.225","X","Figure from international organizations","Adjusted"
"OEA","Employment Indicators: Agriculture","764","Thailand","21144","Employment in agriculture, forestry and fishing - ILO modelled estimates","13","Total","1995","1995","3043","ILO - ILO Modelled Estimates","1000 persons","16550.013","X","Figure from international organizations","Adjusted"
"OEA","Employment Indicators: Agriculture","764","Thailand","21144","Employment in agriculture, forestry and fishing - ILO modelled estimates","13","Total","1996","1996","3043","ILO - ILO Modelled Estimates","1000 persons","16361.233","X","Figure from international organizations","Adjusted"
"OEA","Employment Indicators: Agriculture","764","Thailand","21144","Employment in agriculture, forestry and fishing - ILO modelled estimates","13","Total","1997","1997","3043","ILO - ILO Modelled Estimates","1000 persons","16872.471","X","Figure from international organizations","Adjusted"
"OEA","Employment Indicators: Agriculture","764","Thailand","21144","Employment in agriculture, forestry and fishing - ILO modelled estimates","13","Total","1998","1998","3043","ILO - ILO Modelled Estimates","1000 persons","16870.8","X","Figure from international organizations","Adjusted"
"OEA","Employment Indicators: Agriculture","764","Thailand","21144","Employment in agriculture, forestry and fishing - ILO modelled estimates","13","Total","1999","1999","3043","ILO - ILO Modelled Estimates","1000 persons","16083.396","X","Figure from international organizations","Adjusted"
"OEA","Employment Indicators: Agriculture","764","Thailand","21144","Employment in agriculture, forestry and fishing - ILO modelled estimates","13","Total","2000","2000","3043","ILO - ILO Modelled Estimates","1000 persons","16678.515","X","Figure from international organizations","Adjusted"
"OEA","Employment Indicators: Agriculture","764","Thailand","21144","Employment in agriculture, forestry and fishing - ILO modelled estimates","13","Total","2001","2001","3043","ILO - ILO Modelled Estimates","1000 persons","15836.886","X","Figure from international organizations","Adjusted"
"OEA","Employment Indicators: Agriculture","764","Thailand","21144","Employment in agriculture, forestry and fishing - ILO modelled estimates","13","Total","2002","2002","3043","ILO - ILO Modelled Estimates","1000 persons","15416.098","X","Figure from international organizations",""
"OEA","Employment Indicators: Agriculture","764","Thailand","21144","Employment in agriculture, forestry and fishing - ILO modelled estimates","13","Total","2003","2003","3043","ILO - ILO Modelled Estimates","1000 persons","14875.352","X","Figure from international organizations",""
"OEA","Employment Indicators: Agriculture","764","Thailand","21144","Employment in agriculture, forestry and fishing - ILO modelled estimates","13","Total","2004","2004","3043","ILO - ILO Modelled Estimates","1000 persons","14246.948","X","Figure from international organizations","Adjusted"
"OEA","Employment Indicators: Agriculture","764","Thailand","21144","Employment in agriculture, forestry and fishing - ILO modelled estimates","13","Total","2005","2005","3043","ILO - ILO Modelled Estimates","1000 persons","14249.865","X","Figure from international organizations","Adjusted"
"OEA","Employment Indicators: Agriculture","764","Thailand","21144","Employment in agriculture, forestry and fishing - ILO modelled estimates","13","Total","2006","2006","3043","ILO - ILO Modelled Estimates","1000 persons","14766.776","X","Figure from international organizations","Adjusted"
"OEA","Employment Indicators: Agriculture","764","Thailand","21144","Employment in agriculture, forestry and fishing - ILO modelled estimates","13","Total","2007","2007","3043","ILO - ILO Modelled Estimates","1000 persons","14964.205","X","Figure from international organizations","Adjusted"
"OEA","Employment Indicators: Agriculture","764","Thailand","21144","Employment in agriculture, forestry and fishing - ILO modelled estimates","13","Total","2008","2008","3043","ILO - ILO Modelled Estimates","1000 persons","15223.442","X","Figure from international organizations","Adjusted"
"OEA","Employment Indicators: Agriculture","764","Thailand","21144","Employment in agriculture, forestry and fishing - ILO modelled estimates","13","Total","2009","2009","3043","ILO - ILO Modelled Estimates","1000 persons","15137.944","X","Figure from international organizations","Adjusted"
"OEA","Employment Indicators: Agriculture","764","Thailand","21144","Employment in agriculture, forestry and fishing - ILO modelled estimates","13","Total","2010","2010","3043","ILO - ILO Modelled Estimates","1000 persons","14799.487","X","Figure from international organizations","Adjusted"
"OEA","Employment Indicators: Agriculture","764","Thailand","21144","Employment in agriculture, forestry and fishing - ILO modelled estimates","13","Total","2011","2011","3043","ILO - ILO Modelled Estimates","1000 persons","16317.764","X","Figure from international organizations","Adjusted"
"OEA","Employment Indicators: Agriculture","764","Thailand","21144","Employment in agriculture, forestry and fishing - ILO modelled estimates","13","Total","2012","2012","3043","ILO - ILO Modelled Estimates","1000 persons","16803.565","X","Figure from international organizations","Adjusted"
"OEA","Employment Indicators: Agriculture","764","Thailand","21144","Employment in agriculture, forestry and fishing - ILO modelled estimates","13","Total","2013","2013","3043","ILO - ILO Modelled Estimates","1000 persons","16359.848","X","Figure from international organizations","Adjusted"
"OEA","Employment Indicators: Agriculture","764","Thailand","21144","Employment in agriculture, forestry and fishing - ILO modelled estimates","13","Total","2014","2014","3043","ILO - ILO Modelled Estimates","1000 persons","12964.534","X","Figure from international organizations","Adjusted"
"OEA","Employment Indicators: Agriculture","764","Thailand","21144","Employment in agriculture, forestry and fishing - ILO modelled estimates","13","Total","2015","2015","3043","ILO - ILO Modelled Estimates","1000 persons","12487.687","X","Figure from international organizations","Adjusted"
"OEA","Employment Indicators: Agriculture","764","Thailand","21144","Employment in agriculture, forestry and fishing - ILO modelled estimates","13","Total","2016","2016","3043","ILO - ILO Modelled Estimates","1000 persons","11965.903","X","Figure from international organizations","Adjusted"
"OEA","Employment Indicators: Agriculture","764","Thailand","21144","Employment in agriculture, forestry and fishing - ILO modelled estimates","13","Total","2017","2017","3043","ILO - ILO Modelled Estimates","1000 persons","12007.536","X","Figure from international organizations","Adjusted"
"OEA","Employment Indicators: Agriculture","764","Thailand","21144","Employment in agriculture, forestry and fishing - ILO modelled estimates","13","Total","2018","2018","3043","ILO - ILO Modelled Estimates","1000 persons","12407.92","X","Figure from international organizations","Adjusted"
"OEA","Employment Indicators: Agriculture","764","Thailand","21144","Employment in agriculture, forestry and fishing - ILO modelled estimates","13","Total","2019","2019","3043","ILO - ILO Modelled Estimates","1000 persons","12058.989","X","Figure from international organizations","Adjusted"
"OEA","Employment Indicators: Agriculture","626","Timor-Leste","21144","Employment in agriculture, forestry and fishing - ILO modelled estimates","13","Total","1991","1991","3043","ILO - ILO Modelled Estimates","1000 persons","193.475","X","Figure from international organizations",""
"OEA","Employment Indicators: Agriculture","626","Timor-Leste","21144","Employment in agriculture, forestry and fishing - ILO modelled estimates","13","Total","1992","1992","3043","ILO - ILO Modelled Estimates","1000 persons","195.723","X","Figure from international organizations",""
"OEA","Employment Indicators: Agriculture","626","Timor-Leste","21144","Employment in agriculture, forestry and fishing - ILO modelled estimates","13","Total","1993","1993","3043","ILO - ILO Modelled Estimates","1000 persons","197.257","X","Figure from international organizations",""
"OEA","Employment Indicators: Agriculture","626","Timor-Leste","21144","Employment in agriculture, forestry and fishing - ILO modelled estimates","13","Total","1994","1994","3043","ILO - ILO Modelled Estimates","1000 persons","197.972","X","Figure from international organizations",""
"OEA","Employment Indicators: Agriculture","626","Timor-Leste","21144","Employment in agriculture, forestry and fishing - ILO modelled estimates","13","Total","1995","1995","3043","ILO - ILO Modelled Estimates","1000 persons","198.168","X","Figure from international organizations",""
"OEA","Employment Indicators: Agriculture","626","Timor-Leste","21144","Employment in agriculture, forestry and fishing - ILO modelled estimates","13","Total","1996","1996","3043","ILO - ILO Modelled Estimates","1000 persons","194.081","X","Figure from international organizations",""
"OEA","Employment Indicators: Agriculture","626","Timor-Leste","21144","Employment in agriculture, forestry and fishing - ILO modelled estimates","13","Total","1997","1997","3043","ILO - ILO Modelled Estimates","1000 persons","192.278","X","Figure from international organizations",""
"OEA","Employment Indicators: Agriculture","626","Timor-Leste","21144","Employment in agriculture, forestry and fishing - ILO modelled estimates","13","Total","1998","1998","3043","ILO - ILO Modelled Estimates","1000 persons","195.1","X","Figure from international organizations",""
"OEA","Employment Indicators: Agriculture","626","Timor-Leste","21144","Employment in agriculture, forestry and fishing - ILO modelled estimates","13","Total","1999","1999","3043","ILO - ILO Modelled Estimates","1000 persons","205.365","X","Figure from international organizations",""
"OEA","Employment Indicators: Agriculture","626","Timor-Leste","21144","Employment in agriculture, forestry and fishing - ILO modelled estimates","13","Total","2000","2000","3043","ILO - ILO Modelled Estimates","1000 persons","192.713","X","Figure from international organizations",""
"OEA","Employment Indicators: Agriculture","626","Timor-Leste","21144","Employment in agriculture, forestry and fishing - ILO modelled estimates","13","Total","2001","2001","3043","ILO - ILO Modelled Estimates","1000 persons","184.719","X","Figure from international organizations",""
"OEA","Employment Indicators: Agriculture","626","Timor-Leste","21144","Employment in agriculture, forestry and fishing - ILO modelled estimates","13","Total","2002","2002","3043","ILO - ILO Modelled Estimates","1000 persons","192.293","X","Figure from international organizations",""
"OEA","Employment Indicators: Agriculture","626","Timor-Leste","21144","Employment in agriculture, forestry and fishing - ILO modelled estimates","13","Total","2003","2003","3043","ILO - ILO Modelled Estimates","1000 persons","197.956","X","Figure from international organizations",""
"OEA","Employment Indicators: Agriculture","626","Timor-Leste","21144","Employment in agriculture, forestry and fishing - ILO modelled estimates","13","Total","2004","2004","3043","ILO - ILO Modelled Estimates","1000 persons","206.062","X","Figure from international organizations",""
"OEA","Employment Indicators: Agriculture","626","Timor-Leste","21144","Employment in agriculture, forestry and fishing - ILO modelled estimates","13","Total","2005","2005","3043","ILO - ILO Modelled Estimates","1000 persons","205.382","X","Figure from international organizations",""
"OEA","Employment Indicators: Agriculture","626","Timor-Leste","21144","Employment in agriculture, forestry and fishing - ILO modelled estimates","13","Total","2006","2006","3043","ILO - ILO Modelled Estimates","1000 persons","215.975","X","Figure from international organizations",""
"OEA","Employment Indicators: Agriculture","626","Timor-Leste","21144","Employment in agriculture, forestry and fishing - ILO modelled estimates","13","Total","2007","2007","3043","ILO - ILO Modelled Estimates","1000 persons","216.31","X","Figure from international organizations",""
"OEA","Employment Indicators: Agriculture","626","Timor-Leste","21144","Employment in agriculture, forestry and fishing - ILO modelled estimates","13","Total","2008","2008","3043","ILO - ILO Modelled Estimates","1000 persons","214.067","X","Figure from international organizations",""
"OEA","Employment Indicators: Agriculture","626","Timor-Leste","21144","Employment in agriculture, forestry and fishing - ILO modelled estimates","13","Total","2009","2009","3043","ILO - ILO Modelled Estimates","1000 persons","210.094","X","Figure from international organizations",""
"OEA","Employment Indicators: Agriculture","626","Timor-Leste","21144","Employment in agriculture, forestry and fishing - ILO modelled estimates","13","Total","2010","2010","3043","ILO - ILO Modelled Estimates","1000 persons","207.945","X","Figure from international organizations","Adjusted"
"OEA","Employment Indicators: Agriculture","626","Timor-Leste","21144","Employment in agriculture, forestry and fishing - ILO modelled estimates","13","Total","2011","2011","3043","ILO - ILO Modelled Estimates","1000 persons","206.469","X","Figure from international organizations",""
"OEA","Employment Indicators: Agriculture","626","Timor-Leste","21144","Employment in agriculture, forestry and fishing - ILO modelled estimates","13","Total","2012","2012","3043","ILO - ILO Modelled Estimates","1000 persons","206.649","X","Figure from international organizations",""
"OEA","Employment Indicators: Agriculture","626","Timor-Leste","21144","Employment in agriculture, forestry and fishing - ILO modelled estimates","13","Total","2013","2013","3043","ILO - ILO Modelled Estimates","1000 persons","202.494","X","Figure from international organizations",""
"OEA","Employment Indicators: Agriculture","626","Timor-Leste","21144","Employment in agriculture, forestry and fishing - ILO modelled estimates","13","Total","2014","2014","3043","ILO - ILO Modelled Estimates","1000 persons","202.005","X","Figure from international organizations",""
"OEA","Employment Indicators: Agriculture","626","Timor-Leste","21144","Employment in agriculture, forestry and fishing - ILO modelled estimates","13","Total","2015","2015","3043","ILO - ILO Modelled Estimates","1000 persons","196.432","X","Figure from international organizations",""
"OEA","Employment Indicators: Agriculture","626","Timor-Leste","21144","Employment in agriculture, forestry and fishing - ILO modelled estimates","13","Total","2016","2016","3043","ILO - ILO Modelled Estimates","1000 persons","191.295","X","Figure from international organizations",""
"OEA","Employment Indicators: Agriculture","626","Timor-Leste","21144","Employment in agriculture, forestry and fishing - ILO modelled estimates","13","Total","2017","2017","3043","ILO - ILO Modelled Estimates","1000 persons","201.41","X","Figure from international organizations",""
"OEA","Employment Indicators: Agriculture","626","Timor-Leste","21144","Employment in agriculture, forestry and fishing - ILO modelled estimates","13","Total","2018","2018","3043","ILO - ILO Modelled Estimates","1000 persons","205.52","X","Figure from international organizations",""
"OEA","Employment Indicators: Agriculture","626","Timor-Leste","21144","Employment in agriculture, forestry and fishing - ILO modelled estimates","13","Total","2019","2019","3043","ILO - ILO Modelled Estimates","1000 persons","204.922","X","Figure from international organizations",""
"OEA","Employment Indicators: Agriculture","704","Viet Nam","21144","Employment in agriculture, forestry and fishing - ILO modelled estimates","13","Total","1991","1991","3043","ILO - ILO Modelled Estimates","1000 persons","23591.447","X","Figure from international organizations",""
"OEA","Employment Indicators: Agriculture","704","Viet Nam","21144","Employment in agriculture, forestry and fishing - ILO modelled estimates","13","Total","1992","1992","3043","ILO - ILO Modelled Estimates","1000 persons","23795.221","X","Figure from international organizations",""
"OEA","Employment Indicators: Agriculture","704","Viet Nam","21144","Employment in agriculture, forestry and fishing - ILO modelled estimates","13","Total","1993","1993","3043","ILO - ILO Modelled Estimates","1000 persons","23998.289","X","Figure from international organizations",""
"OEA","Employment Indicators: Agriculture","704","Viet Nam","21144","Employment in agriculture, forestry and fishing - ILO modelled estimates","13","Total","1994","1994","3043","ILO - ILO Modelled Estimates","1000 persons","24223.232","X","Figure from international organizations",""
"OEA","Employment Indicators: Agriculture","704","Viet Nam","21144","Employment in agriculture, forestry and fishing - ILO modelled estimates","13","Total","1995","1995","3043","ILO - ILO Modelled Estimates","1000 persons","24480.023","X","Figure from international organizations",""
"OEA","Employment Indicators: Agriculture","704","Viet Nam","21144","Employment in agriculture, forestry and fishing - ILO modelled estimates","13","Total","1996","1996","3043","ILO - ILO Modelled Estimates","1000 persons","24774.977","X","Figure from international organizations",""
"OEA","Employment Indicators: Agriculture","704","Viet Nam","21144","Employment in agriculture, forestry and fishing - ILO modelled estimates","13","Total","1997","1997","3043","ILO - ILO Modelled Estimates","1000 persons","24734.901","X","Figure from international organizations","Adjusted"
"OEA","Employment Indicators: Agriculture","704","Viet Nam","21144","Employment in agriculture, forestry and fishing - ILO modelled estimates","13","Total","1998","1998","3043","ILO - ILO Modelled Estimates","1000 persons","25311.911","X","Figure from international organizations","Adjusted"
"OEA","Employment Indicators: Agriculture","704","Viet Nam","21144","Employment in agriculture, forestry and fishing - ILO modelled estimates","13","Total","1999","1999","3043","ILO - ILO Modelled Estimates","1000 persons","26019.51","X","Figure from international organizations","Adjusted"
"OEA","Employment Indicators: Agriculture","704","Viet Nam","21144","Employment in agriculture, forestry and fishing - ILO modelled estimates","13","Total","2000","2000","3043","ILO - ILO Modelled Estimates","1000 persons","26734.55","X","Figure from international organizations","Adjusted"
"OEA","Employment Indicators: Agriculture","704","Viet Nam","21144","Employment in agriculture, forestry and fishing - ILO modelled estimates","13","Total","2001","2001","3043","ILO - ILO Modelled Estimates","1000 persons","26742.553","X","Figure from international organizations","Adjusted"
"OEA","Employment Indicators: Agriculture","704","Viet Nam","21144","Employment in agriculture, forestry and fishing - ILO modelled estimates","13","Total","2002","2002","3043","ILO - ILO Modelled Estimates","1000 persons","26669.436","X","Figure from international organizations","Adjusted"
"OEA","Employment Indicators: Agriculture","704","Viet Nam","21144","Employment in agriculture, forestry and fishing - ILO modelled estimates","13","Total","2003","2003","3043","ILO - ILO Modelled Estimates","1000 persons","26126.327","X","Figure from international organizations","Adjusted"
"OEA","Employment Indicators: Agriculture","704","Viet Nam","21144","Employment in agriculture, forestry and fishing - ILO modelled estimates","13","Total","2004","2004","3043","ILO - ILO Modelled Estimates","1000 persons","25873.709","X","Figure from international organizations","Adjusted"
"OEA","Employment Indicators: Agriculture","704","Viet Nam","21144","Employment in agriculture, forestry and fishing - ILO modelled estimates","13","Total","2005","2005","3043","ILO - ILO Modelled Estimates","1000 persons","25005.505","X","Figure from international organizations",""
"OEA","Employment Indicators: Agriculture","704","Viet Nam","21144","Employment in agriculture, forestry and fishing - ILO modelled estimates","13","Total","2006","2006","3043","ILO - ILO Modelled Estimates","1000 persons","24000.711","X","Figure from international organizations","Adjusted"
"OEA","Employment Indicators: Agriculture","704","Viet Nam","21144","Employment in agriculture, forestry and fishing - ILO modelled estimates","13","Total","2007","2007","3043","ILO - ILO Modelled Estimates","1000 persons","23340.28","X","Figure from international organizations","Adjusted"
"OEA","Employment Indicators: Agriculture","704","Viet Nam","21144","Employment in agriculture, forestry and fishing - ILO modelled estimates","13","Total","2008","2008","3043","ILO - ILO Modelled Estimates","1000 persons","23534.879","X","Figure from international organizations",""
"OEA","Employment Indicators: Agriculture","704","Viet Nam","21144","Employment in agriculture, forestry and fishing - ILO modelled estimates","13","Total","2009","2009","3043","ILO - ILO Modelled Estimates","1000 persons","23462.84","X","Figure from international organizations","Adjusted"
"OEA","Employment Indicators: Agriculture","704","Viet Nam","21144","Employment in agriculture, forestry and fishing - ILO modelled estimates","13","Total","2010","2010","3043","ILO - ILO Modelled Estimates","1000 persons","24686.591","X","Figure from international organizations","Adjusted"
"OEA","Employment Indicators: Agriculture","704","Viet Nam","21144","Employment in agriculture, forestry and fishing - ILO modelled estimates","13","Total","2011","2011","3043","ILO - ILO Modelled Estimates","1000 persons","24941.082","X","Figure from international organizations","Adjusted"
"OEA","Employment Indicators: Agriculture","704","Viet Nam","21144","Employment in agriculture, forestry and fishing - ILO modelled estimates","13","Total","2012","2012","3043","ILO - ILO Modelled Estimates","1000 persons","24837.507","X","Figure from international organizations","Adjusted"
"OEA","Employment Indicators: Agriculture","704","Viet Nam","21144","Employment in agriculture, forestry and fishing - ILO modelled estimates","13","Total","2013","2013","3043","ILO - ILO Modelled Estimates","1000 persons","25080.334","X","Figure from international organizations","Adjusted"
"OEA","Employment Indicators: Agriculture","704","Viet Nam","21144","Employment in agriculture, forestry and fishing - ILO modelled estimates","13","Total","2014","2014","3043","ILO - ILO Modelled Estimates","1000 persons","25164.538","X","Figure from international organizations","Adjusted"
"OEA","Employment Indicators: Agriculture","704","Viet Nam","21144","Employment in agriculture, forestry and fishing - ILO modelled estimates","13","Total","2015","2015","3043","ILO - ILO Modelled Estimates","1000 persons","24023.244","X","Figure from international organizations","Adjusted"
"OEA","Employment Indicators: Agriculture","704","Viet Nam","21144","Employment in agriculture, forestry and fishing - ILO modelled estimates","13","Total","2016","2016","3043","ILO - ILO Modelled Estimates","1000 persons","22952.738","X","Figure from international organizations","Adjusted"
"OEA","Employment Indicators: Agriculture","704","Viet Nam","21144","Employment in agriculture, forestry and fishing - ILO modelled estimates","13","Total","2017","2017","3043","ILO - ILO Modelled Estimates","1000 persons","22250.165","X","Figure from international organizations","Adjusted"
"OEA","Employment Indicators: Agriculture","704","Viet Nam","21144","Employment in agriculture, forestry and fishing - ILO modelled estimates","13","Total","2018","2018","3043","ILO - ILO Modelled Estimates","1000 persons","21814.065","X","Figure from international organizations",""
"OEA","Employment Indicators: Agriculture","704","Viet Nam","21144","Employment in agriculture, forestry and fishing - ILO modelled estimates","13","Total","2019","2019","3043","ILO - ILO Modelled Estimates","1000 persons","20893.611","X","Figure from international organizations",""
